Constituency,Const. No.,Leading Candidate,Trailing Candidate,Margin,Status,State ID
Chandigarh,1,MANISH TEWARI,SANJAY TANDON,2504,Result Declared,U02
PUDUCHERRY,1,VE VAITHILINGAM,A NAMASSIVAYAM,136516,Result Declared,U07
AJMER,13,BHAGIRATH CHOUDHARY,RAMCHANDRA CHOUDHARY,329991,Result Declared,S20
ALWAR,8,BHUPENDER YADAV,LALIT YADAV,48282,Result Declared,S20
BANSWARA,20,RAJ KUMAR ROAT,MAHENDRAJEETSINGH MALVIYA,247054,Result Declared,S20
BARMER,17,UMMEDA RAM BENIWAL,RAVINDRA SINGH BHATI,118176,Result Declared,S20
BHARATPUR,9,SANJNA JATAV,RAMSWAROOP KOLI,51983,Result Declared,S20
BHILWARA,23,DAMODAR AGARWAL,C P JOSHI,354606,Result Declared,S20
BIKANER,2,ARJUN RAM MEGHWAL,GOVINDRAM MEGHWAL,55711,Result Declared,S20
CHITTORGARH,21,CHANDRA PRAKASH JOSHI,ANJANA UDAILAL,389877,Result Declared,S20
CHURU,3,RAHUL KASWAN,DEVENDRA JHAJHARIA,72737,Result Declared,S20
DAUSA,11,MURARI LAL MEENA,KANHAIYA LAL MEENA,237340,Result Declared,S20
GANGANAGAR,1,KULDEEP INDORA,PRIYANKA BALAN MEGHWAL,88153,Result Declared,S20
JAIPUR,7,MANJU SHARMA,PRATAP SINGH KHACHARIYAWAS,331767,Result Declared,S20
JAIPUR RURAL,6,RAO RAJENDRA SINGH,ANIL CHOPRA,1615,Result Declared,S20
JALORE,18,LUMBARAM,VAIBHAV GEHLOT,201543,Result Declared,S20
JHALAWAR-BARAN,25,DUSHYANT SINGH,URMILA JAIN “BHAYA”,370989,Result Declared,S20
JHUNJHUNU,4,BRIJENDRA SINGH OLA,SHUBHKARAN CHOUDHARY,18235,Result Declared,S20
JODHPUR,16,GAJENDRA SINGH SHEKHAWAT,KARAN SINGH UCHIYARDA,115677,Result Declared,S20
KARAULI-DHOLPUR,10,BHAJAN LAL JATAV,INDU DEVI,98945,Result Declared,S20
KOTA,24,OM BIRLA,PRAHLAD GUNJAL,41974,Result Declared,S20
NAGAUR,14,HANUMAN BENIWAL,JYOTI MIRDHA,42225,Result Declared,S20
Koppal,8,K. RAJASHEKAR BASAVARAJ HITNAL,DR . BASAVARAJ. K. SHARANAPPA,46357,Result Declared,S10
Mandya,20,H.D. KUMARASWAMY,VENKATARAMANE GOWDA (STAR CHANDRU),284620,Result Declared,S10
Mysore,21,YADUVEER KRISHNADATTA CHAMARAJA WADIYAR,M. LAKSHMANA,139262,Result Declared,S10
Raichur,6,G. KUMAR NAIK.,RAJA AMARESHWARA NAIK.,79781,Result Declared,S10
Shimoga,14,B.Y.RAGHAVENDRA,GEETHA SHIVARAJKUMAR,243715,Result Declared,S10
Tumkur,19,V. SOMANNA,S.P. MUDDAHANUMEGOWDA,175594,Result Declared,S10
Udupi Chikmagalur,15,KOTA SRINIVAS POOJARY,K. JAYAPRAKASH HEGDE,259175,Result Declared,S10
Uttara Kannada,12,VISHWESHWAR HEGDE KAGERI,DR. ANJALI NIMBALKAR,337428,Result Declared,S10
Adilabad,1,GODAM NAGESH,ATHRAM SUGUNA,90652,Result Declared,S29
Bhongir,14,CHAMALA KIRAN KUMAR REDDY,DR. BOORA NARSAIAH GOUD,222170,Result Declared,S29
Chevella,10,KONDA VISHWESHWAR REDDY,DR GADDAM RANJITH REDDY,172897,Result Declared,S29
Hyderabad,9,ASADUDDIN OWAISI,MADHAVI LATHA KOMPELLA,338087,Result Declared,S29
Karimnagar,3,BANDI SANJAY KUMAR,VELCHALA RAJENDER RAO,225209,Result Declared,S29
Khammam,17,RAMASAHAYAM RAGHURAM REDDY,NAMA NAGESWARA RAO,467847,Result Declared,S29
Mahabubabad,16,BALRAM NAIK PORIKA,KAVITHA MALOTH,349165,Result Declared,S29
Mahbubnagar,11,ARUNA. D. K,CHALLA VAMSHI CHAND REDDY,4500,Result Declared,S29
Malkajgiri,7,EATALA RAJENDER,PATNAM SUNEETHA MAHENDER REDDY,391475,Result Declared,S29
Medak,6,MADHAVANENI RAGHUNANDAN RAO,NEELAM MADHU,39139,Result Declared,S29
Nagarkurnool,12,DR.MALLU RAVI,BHARATH  PRASAD POTHUGANTI,94414,Result Declared,S29
Nalgonda,13,KUNDURU RAGHUVEER,SAIDI REDDY SHANAMPUDI,559905,Result Declared,S29
Nizamabad,4,ARVIND DHARMAPURI,JEEVANREDDY THATIPARTHI,109241,Result Declared,S29
Peddapalle,2,VAMSI KRISHNA GADDAM,SRINIVAS GOMASE,131364,Result Declared,S29
Secunderabad,8,G. KISHAN REDDY,DANAM NAGENDER,49944,Result Declared,S29
Warangal,15,KADIYAM KAVYA,AROORI RAMESH,220339,Result Declared,S29
Zahirabad,5,SURESH KUMAR SHETKAR,B. B. PATIL,46188,Result Declared,S29
Andaman & Nicobar Islands,1,BISHNU PADA RAY,KULDEEP RAI SHARMA,24396,Result Declared,U01
Maharajganj,19,"JANARDAN SINGH ""SIGRIWAL""",AAKASH KUMAR SINGH,102651,Result Declared,S04
Munger,28,RAJIV RANJAN SINGH ALIAS LALAN SINGH,KUMARI ANITA,80870,Result Declared,S04
Muzaffarpur,15,RAJ BHUSHAN CHOUDHARY,AJAY NISHAD,234927,Result Declared,S04
Nalanda,29,KAUSHALENDRA KUMAR,DR. SANDEEP SAURAV,169114,Result Declared,S04
Nawada,39,VIVEK THAKUR,SHRAWAN KUMAR,67670,Result Declared,S04
Paschim Champaran,2,DR.SANJAY JAISWAL,MADAN MOHAN TIWARI,136568,Result Declared,S04
Patliputra,31,MISHA BHARTI,RAM KRIPAL YADAV,85174,Result Declared,S04
Patna Sahib,30,RAVI SHANKAR PRASAD,ANSHUL AVIJIT,153846,Result Declared,S04
Purnia,12,RAJESH RANJAN ALIAS PAPPU YADAV,SANTOSH KUMAR,23847,Result Declared,S04
Purvi Champaran,3,RADHA MOHAN SINGH,DR RAJESH KUMAR,88287,Result Declared,S04
Samastipur,23,SHAMBHAVI,SUNNY HAZARI,187251,Result Declared,S04
Saran,20,RAJIV PRATAP RUDY,ROHINI ACHARYA,13661,Result Declared,S04
Sasaram,34,MANOJ KUMAR,SHIVESH KUMAR,19157,Result Declared,S04
Sheohar,4,LOVELY ANAND,RITU JAISWAL,29143,Result Declared,S04
Sitamarhi,5,DEVESH CHANDRA THAKUR,ARJUN RAY,51356,Result Declared,S04
Siwan,18,VIJAYLAKSHMI DEVI,HENA SHAHAB,92857,Result Declared,S04
Supaul,8,DILESHWAR KAMAIT,CHANDRAHAS CHAUPAL,169803,Result Declared,S04
Ujiarpur,22,NITYANAND RAI,ALOK KUMAR MEHTA,60102,Result Declared,S04
Vaishali,16,VEENA DEVI,VIJAY KUMAR SHUKLA,89634,Result Declared,S04
Valmiki Nagar,1,SUNIL KUMAR,DEEPAK YADAV,98675,Result Declared,S04
Hathras,16,ANOOP PRADHAN BALMIKI,JASVEER VALMIKI,247318,Result Declared,S24
Jalaun,45,NARAYAN DAS AHIRWAR,BHANU PRATAP SINGH VERMA,53898,Result Declared,S24
Jaunpur,73,BABU SINGH KUSHWAHA,KRIPASHANKAR SINGH,99335,Result Declared,S24
Jhansi,46,ANURAG SHARMA,"PRADEEP JAIN ""ADITYA""",102614,Result Declared,S24
Kairana,2,IQRA CHOUDHARY,PRADEEP KUMAR,69116,Result Declared,S24
Kaiserganj,57,KARAN BHUSHAN SINGH,BHAGAT RAM,148843,Result Declared,S24
Kannauj,42,AKHILESH YADAV,SUBRAT PATHAK,170922,Result Declared,S24
Kanpur,43,RAMESH AWASTHI,ALOK MISRA,20968,Result Declared,S24
Kaushambi,50,PUSHPENDRA SAROJ,VINOD KUMAR SONKAR,103944,Result Declared,S24
Kheri,28,UTKARSH VERMA 'MADHUR',AJAY KUMAR,34329,Result Declared,S24
Kushi Nagar,65,VIJAY KUMAR DUBAY,AJAY PRATAP SINGH URF PINTU SAITHWAR,81790,Result Declared,S24
Lalganj,68,DAROGA PRASAD SAROJ,NEELAM SONKER,115023,Result Declared,S24
Lucknow,35,RAJ NATH SINGH,RAVIDAS MEHROTRA,135159,Result Declared,S24
Machhlishahr,74,PRIYA SAROJ,BHOLANATH (B.P. SAROJ),35850,Result Declared,S24
Maharajganj,63,PANKAJ CHAUDHARY,VIRENDRA CHAUDHARY,35451,Result Declared,S24
Mainpuri,21,DIMPLE YADAV,JAYVEER SINGH,221639,Result Declared,S24
Mathura,17,HEMAMALINI DHARMENDRA DEOL,MUKESH DHANGAR,293407,Result Declared,S24
Meerut,10,ARUN GOVIL,SUNITA VERMA,10585,Result Declared,S24
Mirzapur,79,ANUPRIYA PATEL,RAMESH CHAND BIND,37810,Result Declared,S24
Misrikh,32,ASHOK KUMAR RAWAT,SANGITA RAJVANSHI,33406,Result Declared,S24
Alipurduars,2,MANOJ TIGGA,PRAKASH CHIK BARAIK,75447,Result Declared,S25
Arambagh,29,BAG MITALI,ARUP KANTI DIGAR,6399,Result Declared,S25
Asansol,40,SHATRUGHAN PRASAD SINHA,SURENDRAJEET SINGH AHLUWALIA,59564,Result Declared,S25
Baharampur,10,PATHAN YUSUF,ADHIR RANJAN CHOWDHURY,85022,Result Declared,S25
Balurghat,6,SUKANTA MAJUMDAR,BIPLAB MITRA,10386,Result Declared,S25
Bangaon,14,SHANTANU THAKUR,BISWAJIT DAS S/O LATE BIJAY KRISHNA DAS,73693,Result Declared,S25
Bankura,36,ARUP CHAKRABORTY,DR. SUBHAS SARKAR,32778,Result Declared,S25
Barasat,17,KAKOLI GHOSH DASTIDAR,SWAPAN MAJUMDER,114189,Result Declared,S25
Bardhaman Purba,38,DR. SHARMILA SARKAR,ASIM KUMAR SARKAR,160572,Result Declared,S25
Bardhaman-Durgapur,39,AZAD KIRTI JHA,DILIP GHOSH,137981,Result Declared,S25
Barrackpur,15,PARTHA BHOWMICK,ARJUN SINGH,64438,Result Declared,S25
Basirhat,18,SK NURUL ISLAM,REKHA PATRA,333547,Result Declared,S25
Birbhum,42,SATABDI ROY,DEBTANU BHATTACHARYA,197650,Result Declared,S25
Bishnupur,37,KHAN SAUMITRA,SUJATA MONDAL,5567,Result Declared,S25
Bolpur,41,ASIT KUMAR MAL,PIYA SAHA,327253,Result Declared,S25
Coochbehar,1,JAGADISH CHANDRA BARMA BASUNIA,NISITH PRAMANIK,39250,Result Declared,S25
Darjeeling,4,RAJU BISTA,GOPAL LAMA,178525,Result Declared,S25
Diamond harbour,21,ABHISHEK BANERJEE,ABHIJIT DAS (BOBBY),710930,Result Declared,S25
Dum dum,16,SOUGATA RAY,SILBHADRA DATTA,70660,Result Declared,S25
Ghatal,32,ADHIKARI DEEPAK (DEV),DR. HIRANMOY CHATTOPADHYAYA,182868,Result Declared,S25
HAMIRPUR,3,ANURAG SINGH THAKUR,SATPAL RAIZADA,182357,Result Declared,S08
KANGRA,1,DR RAJEEV BHARDWAJ,ANAND SHARMA,251895,Result Declared,S08
MANDI,2,KANGNA RANAUT,VIKRAMADITYA SINGH,74755,Result Declared,S08
SHIMLA,4,Suresh Kumar Kashyap,Vinod Sultanpuri,91451,Result Declared,S08
BASTAR,10,MAHESH KASHYAP,KAWASI LAKHMA,55245,Result Declared,S26
BILASPUR,5,TOKHAN SAHU,DEVENDRA YADAV,164558,Result Declared,S26
DURG,7,VIJAY BAGHEL,RAJENDRA SAHU,438226,Result Declared,S26
JANJGIR-CHAMPA,3,KAMLESH JANGDE,DR. SHIVKUMAR DAHARIYA,60000,Result Declared,S26
KANKER,11,BHOJRAJ NAG,BIRESH THAKUR,1884,Result Declared,S26
KORBA,4,JYOTSNA CHARANDAS MAHANT,SAROJ PANDEY,43283,Result Declared,S26
MAHASAMUND,9,ROOP KUMARI CHOUDHARY,TAMRADHWAJ SAHU,145456,Result Declared,S26
RAIGARH,2,RADHESHYAM RATHIYA,DR. MENKA DEVI SINGH,240391,Result Declared,S26
RAIPUR,8,BRIJMOHAN AGRAWAL,VIKAS UPADHYAY,575285,Result Declared,S26
RAJNANDGAON,6,SANTOSH PANDEY,BHUPESH BAGHEL,44411,Result Declared,S26
SURGUJA,1,CHINTAMANI MAHARAJ,SHASHI SINGH KORAM,64822,Result Declared,S26
Tripura East,2,KRITI DEVI DEBBARMAN,RAJENDRA REANG,486819,Result Declared,S23
Tripura West,1,BIPLAB KUMAR DEB,ASISH KUMAR SAHA,611578,Result Declared,S23
Lakshadweep,1,MUHAMMED HAMDULLAH SAYEED,MOHAMMED FAIZAL PP,2647,Result Declared,U06
Tamluk,30,ABHIJIT GANGOPADHYAY,DEBANGSHU BHATTACHARYA,77733,Result Declared,S25
Uluberia,26,SAJDA AHMED,ARUNUDAY PAULCHOWDHURY,218673,Result Declared,S25
MIZORAM,1,RICHARD VANLALHMANGAIHA,K VANLALVENA,68288,Result Declared,S16
ARAKKONAM,7,S JAGATHRATCHAKAN,L VIJAYAN,306559,Result Declared,S22
ARANI,12,THARANIVENTHAN M S,"GAJENDRAN, G.V.",208766,Result Declared,S22
CHENNAI CENTRAL,4,DAYANIDHI MARAN,VINOJ,244689,Result Declared,S22
CHENNAI NORTH,2,DR.KALANIDHI VEERASWAMY,R. MANOHAR,339222,Result Declared,S22
CHENNAI SOUTH,3,T.SUMATHY (ALIAS) THAMIZHACHI THANGAPANDIAN,DR.TAMILISAI SOUNDARARAJAN,225945,Result Declared,S22
CHIDAMBARAM,27,THIRUMAAVALAVAN THOL,CHANDRAHASAN M,103554,Result Declared,S22
COIMBATORE,20,GANAPATHY RAJKUMAR P,ANNAMALAI K,118068,Result Declared,S22
CUDDALORE,26,M.K. VISHNUPRASAD,P. SIVAKOZHUNDU,185896,Result Declared,S22
DHARMAPURI,10,MANI. A.,SOWMIYA ANBUMANI,21300,Result Declared,S22
DINDIGUL,22,SACHITHANANTHAM R,MOHAMED MUBARAK M A,443821,Result Declared,S22
ERODE,17,K E PRAKASH,ASHOK KUMAR,236566,Result Declared,S22
KALLAKURICHI,14,MALAIYARASAN D,KUMARAGURU R,53784,Result Declared,S22
KANCHEEPURAM,6,SELVAM. G,RAJASEKAR. E,221473,Result Declared,S22
KANNIYAKUMARI,39,VIJAYAKUMAR (Alias) VIJAY VASANTH,RADHAKRISHNAN P,179907,Result Declared,S22
KARUR,23,JOTHIMANI. S,THANGAVEL. L,166816,Result Declared,S22
KRISHNAGIRI,9,GOPINATH K,JAYAPRAKASH V,192486,Result Declared,S22
MADURAI,32,VENKATESAN S,RAAMA SREENIVASAN,209409,Result Declared,S22
MAYILADUTHURAI,28,SUDHA R,BABU P,271183,Result Declared,S22
NAGAPATTINAM,29,SELVARAJ V,DR SURSITH SANKAR G,208957,Result Declared,S22
NAMAKKAL,16,MATHESWARAN V S,TAMILMANI S,29112,Result Declared,S22
Amalapuram (SC),7,G M HARISH (BALAYOGI),RAPAKA VARAPRASADA RAO,342196,Result Declared,S01
Anakapalle,5,C.M.RAMESH,BUDI MUTYALA NAIDU,296530,Result Declared,S01
Ananthapur,19,AMBICA G LAKSHMINARAYANA VALMIKI,MALAGUNDLA SANKAR NARAYANA,188555,Result Declared,S01
Araku (ST),1,GUMMA THANUJA RANI,KOTHAPALLI GEETHA,50580,Result Declared,S01
Bapatla (SC),15,KRISHNA PRASAD TENNETI,NANDIGAM SURESH BABU,208031,Result Declared,S01
Chittoor(SC),25,DAGGUMALLA PRASADA RAO,REDDEPPA.N .,220479,Result Declared,S01
Eluru,10,PUTTA MAHESH KUMAR,KARUMURI SUNIL KUMAR,181857,Result Declared,S01
Guntur,13,DR CHANDRA SEKHAR PEMMASANI,KILARI VENKATA ROSAIAH,344695,Result Declared,S01
Hindupur,20,B K PARTHASARATHI,J SHANTHA,132427,Result Declared,S01
Kadapa,21,Y. S. AVINASH REDDY,CHADIPIRALLA BHUPESH SUBBARAMI REDDY,62695,Result Declared,S01
Kakinada,6,TANGELLA UDAY SRINIVAS (TEA TIME UDAY),CHALAMALASETTY SUNIL,229491,Result Declared,S01
Kurnoolu,18,BASTIPATI NAGARAJU PANCHALINGALA,B Y RAMAIAH,111298,Result Declared,S01
Machilipatnam,11,BALASHOWRY VALLABHANENI,SIMHADRI CHANDRA SEKHAR RAO,223179,Result Declared,S01
Nandyal,17,DR BYREDDY SHABARI,POCHA BRAHMANANDA REDDY,111975,Result Declared,S01
Narsapuram,9,BHUPATHI RAJU SRINIVASA VARMA (B.J.P.VARMA),UMABALA GUDURI,276802,Result Declared,S01
Narsaraopet,14,LAVU SRIKRISHNA DEVARAYALU,ANIL KUMAR POLUBOINA,159729,Result Declared,S01
Nellore,22,PRABHAKAR REDDY VEMIREDDY,VENUMBAKA VIJAYASAI REDDY,245902,Result Declared,S01
Ongole,16,MAGUNTA SREENIVASULU REDDY,DR CHEVIREDDY BHASKAR REDD,50199,Result Declared,S01
Rajahmundry,8,DAGGUBATI PURANDHESHWARI,DR. GUDURI SRINIVAS,239139,Result Declared,S01
Rajampet,24,P V MIDHUN REDDY,NALLARI KIRAN KUMAR REDDY,76071,Result Declared,S01
Inner Manipur,1,ANGOMCHA BIMOL AKOIJAM,THOUNAOJAM BASANTA KUMAR SINGH,109801,Result Declared,S14
Outer Manipur,2,ALFRED KANNGAM S ARTHUR,KACHUI TIMOTHY ZIMIK,85418,Result Declared,S14
Agra,18,PROF S P SINGH BAGHEL,SURESH CHAND KARDAM,271294,Result Declared,S24
Akbarpur,44,DEVENDRA SINGH ALIAS BHOLE SINGH,RAJARAM PAL,44345,Result Declared,S24
Aligarh,15,SATISH KUMAR GAUTAM,BIJENDRA SINGH,15647,Result Declared,S24
Allahabad,52,UJJWAL RAMAN SINGH,NEERAJ TRIPATHI,58795,Result Declared,S24
Ambedkar Nagar,55,LALJI VERMA,RITESH PANDEY,137247,Result Declared,S24
Amethi,37,KISHORI LAL,SMRITI IRANI,167196,Result Declared,S24
Amroha,9,KANWAR SINGH TANWAR,KUNWAR DANISH ALI,28670,Result Declared,S24
Aonla,24,NEERAJ MAURYA,DHARMENDRA KASHYAP,15969,Result Declared,S24
Azamgarh,69,DHARMENDRA YADAV,DINESH LAL YADAV “NIRAHUA”,161035,Result Declared,S24
Badaun,23,ADITYA YADAV,DURVIJAY SINGH SHAKYA,34991,Result Declared,S24
Baghpat,11,DR RAJKUMAR SANGWAN,AMARPAL,159459,Result Declared,S24
Baharaich,56,ANAND KUMAR,RAMESH CHANDRA,64227,Result Declared,S24
Ballia,72,SANATAN PANDEY,NEERAJ SHEKHAR,43384,Result Declared,S24
Banda,48,KRISHNA DEVI SHIVSHANKER PATEL,R. K. SINGH PATEL,71210,Result Declared,S24
Bansgaon,67,KAMLESH PASWAN,SADAL PRASAD,3150,Result Declared,S24
Barabanki,53,TANUJ PUNIA,RAJRANI RAWAT,215704,Result Declared,S24
Bareilly,25,CHHATRA PAL SINGH GANGWAR,PRAVEEN SINGH ARON,34804,Result Declared,S24
Basti,61,RAM PRASAD CHAUDHARY,HARISH CHANDRA ALIAS HARISH DWIVEDI,100994,Result Declared,S24
Bhadohi,78,DR. VINOD KUMAR BIND,LALITESHPATI TRIPATHI,44072,Result Declared,S24
Bijnor,4,CHANDAN CHAUHAN,DEEPAK,37508,Result Declared,S24
BALAGHAT,15,BHARTI PARDHI,SAMRAT ASHOK SINGH SARASWAR,174512,Result Declared,S12
BETUL,29,DURGADAS (D. D.) UIKEY,RAMU TEKAM,379761,Result Declared,S12
BHIND,2,SANDHYA RAY,PHOOL SINGH BARAIYA,64840,Result Declared,S12
BHOPAL,19,ALOK SHARMA,ADVOCATE ARUN SHRIVASTAVA,501499,Result Declared,S12
CHHINDWARA,16,BUNTY VIVEK SAHU,NAKUL KAMALNATH,113618,Result Declared,S12
DAMOH,7,RAHUL SINGH LODHI,TARBAR SINGH LODHI (BANTU BHAIYA),406426,Result Declared,S12
DEWAS,21,MAHENDRA SINGH SOLANKY,RAJENDRA RADHAKISHAN MALVIYA,425225,Result Declared,S12
DHAR,25,SAVITRI THAKUR,RADHESHYAM MUVEL,218665,Result Declared,S12
GUNA,4,JYOTIRADITYA M. SCINDIA,YADVENDRA RAO DESHRAJ SINGH,540929,Result Declared,S12
GWALIOR,3,BHARAT SINGH KUSHWAH,PRAVEEN PATHAK,70210,Result Declared,S12
HOSHANGABAD,17,DARSHAN SINGH CHOUDHARY,SANJAY SHARMA SANJU BHAIYA,431696,Result Declared,S12
INDORE,26,SHANKAR LALWANI,SANJAY S/O LAKSHMAN SOLANKI,1175092,Result Declared,S12
JABALPUR,13,ASHISH DUBEY,DINESH YADAV,486674,Result Declared,S12
KHAJURAHO,8,VISHNU DATT SHARMA (V.D.SHARMA),KAMLESH KUMAR,541229,Result Declared,S12
KHANDWA,28,GYANESHWAR PATIL,NARENDRA PATEL,269971,Result Declared,S12
KHARGONE,27,GAJENDRA SINGH PATEL,PORLAL BATHA KHARTE,135018,Result Declared,S12
MANDLA,14,FAGGAN SINGH KULASTE,OMKAR SINGH MARKAM,103846,Result Declared,S12
MANDSOUR,23,SUDHEER GUPTA,DILIP SINGH GURJAR,500655,Result Declared,S12
MORENA,1,SHIVMANGAL SINGH TOMAR,NEETU SATYAPAL SINGH SIKARWAR,52530,Result Declared,S12
RAJGARH,20,RODMAL NAGAR,DIGVIJAYA SINGH,146089,Result Declared,S12
Alappuzha,15,K. C VENUGOPAL,A. M ARIFF,63513,Result Declared,S11
Alathur,9,K.RADHAKRISHNAN,RAMYA HARIDAS,20111,Result Declared,S11
Attingal,19,ADV ADOOR PRAKASH,V JOY,684,Result Declared,S11
Chalakudy,11,BENNY BEHANAN,PROF C RAVEENDRANATH,63754,Result Declared,S11
Ernakulam,12,HIBI EDEN,K. J. SHINE TEACHER,250385,Result Declared,S11
Idukki,13,ADV. DEAN KURIAKOSE,ADV. JOICE GEORGE,133727,Result Declared,S11
Kannur,2,K. SUDHAKARAN,M.V. JAYARAJAN,108982,Result Declared,S11
Kasaragod,1,RAJMOHAN UNNITHAN,M.V BALAKRISHNAN MASTER,100649,Result Declared,S11
Kollam,18,N K PREMACHANDRAN,M MUKESH,150302,Result Declared,S11
Kottayam,14,ADV K FRANCIS GEORGE,THOMAS CHAZHIKADAN,87266,Result Declared,S11
Kozhikode,5,M. K. RAGHAVAN,ELAMARAM KAREEM,146176,Result Declared,S11
Malappuram,6,E.T.  MOHAMMED BASHEER,V. VASEEF,300118,Result Declared,S11
Mavelikkara,16,KODIKUNNIL SURESH,ADV ARUN KUMAR C A,10868,Result Declared,S11
Palakkad,8,V K SREEKANDAN,A VIJAYARAGHAVAN,75283,Result Declared,S11
Pathanamthitta,17,ANTO ANTONY,DR.T.M.THOMAS ISSAC,66119,Result Declared,S11
Ponnani,7,DR. M.P ABDUSSAMAD SAMADANI,K.S HAMZA,235760,Result Declared,S11
Thiruvananthapuram,20,SHASHI THAROOR,RAJEEV CHANDRASEKHAR,16077,Result Declared,S11
Thrissur,10,SURESH GOPI,ADV V S SUNILKUMAR,74686,Result Declared,S11
Vadakara,3,SHAFI PARAMBIL,K K SHAILAJA TEACHER,114506,Result Declared,S11
Wayanad,4,RAHUL GANDHI,ANNIE RAJA,364422,Result Declared,S11
Chatra,4,KALI CHARAN SINGH,KRISHNA NAND TRIPATHI,220959,Result Declared,S27
Dhanbad,7,DULU MAHATO,ANUPAMA SINGH,331583,Result Declared,S27
Dumka,2,NALIN SOREN,SITA MURMU,22527,Result Declared,S27
Giridih,6,CHANDRA PRAKASH CHOUDHARY,MATHURA PRASAD MAHATO,80880,Result Declared,S27
Godda,3,NISHIKANT DUBEY,PRADEEP YADAV,101813,Result Declared,S27
Hazaribagh,14,MANISH JAISWAL,JAI PRAKASH BHAI PATEL,276686,Result Declared,S27
Jamshedpur,9,BIDYUT BARAN MAHATO,SAMIR KUMAR MOHANTY,259782,Result Declared,S27
Khunti,11,KALI CHARAN MUNDA,ARJUN MUNDA,149675,Result Declared,S27
Kodarma,5,ANNPURNA DEVI,VINOD KUMAR SINGH,377014,Result Declared,S27
Lohardaga,12,SUKHDEO BHAGAT,SAMIR ORAON,139138,Result Declared,S27
Palamau,13,VISHNU DAYAL RAM,MAMTA BHUIYAN,288807,Result Declared,S27
Rajmahal,1,VIJAY KUMAR HANSDAK,TALA MARANDI,178264,Result Declared,S27
Ranchi,8,SANJAY SETH,YASHASWINI SAHAY,120512,Result Declared,S27
Singhbhum,10,JOBA MAJHI,GEETA KORA,168402,Result Declared,S27
Bagalkot,3,GADDIGOUDAR. PARVATAGOUDA. CHANDANAGOUDA.,SAMYUKTA SHIVANAND PATIL,68399,Result Declared,S10
Bangalore central,25,P C MOHAN,MANSOOR ALI KHAN,32707,Result Declared,S10
Bangalore North,24,SHOBHA KARANDLAJE,PROFESSOR M.V RAJEEV GOWDA,259476,Result Declared,S10
Bangalore Rural,23,DR C N MANJUNATH,D K SURESH,269647,Result Declared,S10
Bangalore South,26,TEJASVI SURYA,SOWMYA REDDY,277083,Result Declared,S10
Belgaum,2,JAGADISH SHETTAR,MRINAL R HEBBALKAR,178437,Result Declared,S10
Bellary,9,E. TUKARAM,B. SREERAMULU,98992,Result Declared,S10
Bidar,7,SAGAR ESHWAR KHANDRE,BHAGWANTH KHUBA,128875,Result Declared,S10
Bijapur,4,RAMESH JIGAJINAGI,RAJU ALAGUR.,77229,Result Declared,S10
Chamarajanagar,22,SUNIL BOSE,BALARAJ.S,188706,Result Declared,S10
Chikkballapur,27,DR.K.SUDHAKAR,M.S. RAKSHA RAMAIAH,163460,Result Declared,S10
Chikkodi,1,PRIYANKA SATISH JARKIHOLI,ANNASAHEB SHANKAR JOLLE,90834,Result Declared,S10
Chitradurga,18,GOVIND MAKTHAPPA KARJOL,B.N.CHANDRAPPA,48121,Result Declared,S10
Dakshina Kannada,17,CAPTAIN BRIJESH CHOWTA,PADMARAJ.R.POOJARY,149208,Result Declared,S10
Davanagere,13,DR. PRABHA MALLIKARJUN,GAYITHRI SIDDESHWARA,26094,Result Declared,S10
Dharwad,11,PRALHAD JOSHI,VINOD ASOOTI,97324,Result Declared,S10
Gulbarga,5,RADHAKRISHNA,DR. UMESH G JADHAV,27205,Result Declared,S10
Hassan,16,SHREYAS. M. PATEL,PRAJWAL REVANNA,42649,Result Declared,S10
Haveri,10,BASAVARAJ BOMMAI,ANANDSWAMY GADDADEVARMATH,43513,Result Declared,S10
Kolar,28,M. MALLESH BABU,K V GOWTHAM,71388,Result Declared,S10
Ahmedabad East,7,HASMUKHBHAI PATEL (H.S.PATEL),HIMMATSINH PRAHLADSINH PATEL,461755,Result Declared,S06
Ahmedabad West,8,DINESHBHAI MAKWANA (ADVOCATE),BHARAT YOGENDRA MAKWANA,286437,Result Declared,S06
Amreli,14,BHARATBHAI MANUBHAI SUTARIYA,JENNY THUMMAR,321068,Result Declared,S06
Anand,16,MITESH PATEL (BAKABHAI),AMIT CHAVDA,89939,Result Declared,S06
Banaskantha,2,GENIBEN NAGAJI THAKOR,DR. REKHABEN HITESHBHAI CHAUDHARI,30406,Result Declared,S06
Bardoli,23,PARBHUBHAI NAGARBHAI VASAVA,CHAUDHARY SIDDHARTH AMARSINH,230253,Result Declared,S06
Bharuch,22,MANSUKHBHAI DHANJIBHAI VASAVA,CHAITARBHAI DAMJIBHAI VASAVA,85696,Result Declared,S06
Bhavnagar,15,NIMUBEN JAYANTIBHAI BAMBHANIYA (NIMUBEN BAMBHANIYA),UMESHBHAI NARANBHAI MAKWANA,455289,Result Declared,S06
Chhota Udaipur,21,JASHUBHAI BHILUBHAI RATHVA,SUKHRAMBHAI HARIYABHAI RATHWA,398777,Result Declared,S06
Dahod,19,JASWANTSINH SUMANBHAI BHABHOR,DR. PRABHABEN KISHORSINH TAVIYAD,333677,Result Declared,S06
Gandhinagar,6,AMIT SHAH,SONAL RAMANBHAI PATEL,744716,Result Declared,S06
Jamnagar,12,POONAMBEN HEMATBHAI MAADAM,ADVOCATE J. P. MARAVIYA,238008,Result Declared,S06
Junagadh,13,CHUDASAMA RAJESHBHAI NARANBHAI,JOTVA HIRABHAI ARJANBHAI,135494,Result Declared,S06
Kachchh,1,CHAVDA VINOD LAKHAMSHI,NITESH PARBATBHAI LALAN (MATANG),268782,Result Declared,S06
Kheda,17,DEVUSINH CHAUHAN,KALUSINH DABHI,357758,Result Declared,S06
Mahesana,4,HARIBHAI PATEL,RAMJI THAKOR,328046,Result Declared,S06
Navsari,25,C R PATIL,NAISHADHBHAI BHUPATBHAI  DESAI,773551,Result Declared,S06
Panchmahal,18,RAJPALSINH MAHENDRASINH JADAV,GULABSINH SOMSINH CHAUHAN,509342,Result Declared,S06
Patan,3,DABHI  BHARATSINHJI  SHANKARJI,CHANDANJI TALAJI THAKOR,31876,Result Declared,S06
Porbandar,11,DR. MANSUKH MANDAVIYA,LALIT VASOYA,383360,Result Declared,S06
Rajkot,10,PARSHOTTAMBHAI RUPALA,DHANANI PARESH,484260,Result Declared,S06
Sabarkantha,5,SHOBHANABEN MAHENDRASINH BARAIYA,CHAUDHARI TUSHAR AMARSINH,155682,Result Declared,S06
Surat,24,MUKESHKUMAR CHANDRAKAANT DALAL,,-,Uncontested,S06
Surendranagar,9,CHANDUBHAI CHHAGANBHAI SHIHORA,RUTVIKBHAI LAVJIBHAI MAKWANA,261617,Result Declared,S06
Vadodara,20,DR. HEMANG JOSHI,PADHIYAR  JASHPALSINH MAHENDRASINH (BAPU),582126,Result Declared,S06
Valsad,26,DHAVAL LAXMANBHAI PATEL,ANANTKUMAR HASMUKHBHAI PATEL,210704,Result Declared,S06
PALI,15,P. P. CHAUDHARY,SANGEETA BENIWAL,245351,Result Declared,S20
RAJSAMAND,22,MAHIMA KUMARI MEWAR,DR. DAMODAR GURJAR,392223,Result Declared,S20
SIKAR,5,AMRARAM,SUMEDHANAND SARASWATI,72896,Result Declared,S20
TONK-SAWAI MADHOPUR,12,HARISH CHANDRA MEENA,SUKHBIR SINGH JAUNAPURIA,64949,Result Declared,S20
UDAIPUR,19,MANNA LAL RAWAT,TARACHAND MEENA,261608,Result Declared,S20
Madha,43,MOHITE-PATIL DHAIRYASHEEL RAJSINH,RANJEETSINGH HINDURAO NAIK NIMBALKAR,120837,Result Declared,S13
Maval,33,SHRIRANG APPA CHANDU BARNE,SANJOG BHIKU WAGHERE PATIL,96615,Result Declared,S13
Mumbai North,26,PIYUSH GOYAL,BHUSHAN PATIL,357608,Result Declared,S13
Mumbai North Central,29,GAIKWAD VARSHA EKNATH,ADV UJWAL NIKAM,16514,Result Declared,S13
Mumbai North East,28,SANJAY DINA PATIL,MIHIR CHANDRAKANT KOTECHA,29861,Result Declared,S13
Mumbai North West,27,RAVINDRA DATTARAM WAIKAR,AMOL GAJANAN KIRTIKAR,48,Result Declared,S13
Mumbai South,31,ARVIND GANPAT SAWANT,YAMINI YASHWANT JADHAV,52673,Result Declared,S13
Mumbai South Central,30,ANIL YESHWANT DESAI,RAHUL RAMESH SHEWALE,53384,Result Declared,S13
Nagpur,10,NITIN JAIRAM GADKARI,VIKAS THAKRE,137603,Result Declared,S13
Nanded,16,CHAVAN VASANTRAO BALWANTRAO,CHIKHALIKAR PRATAPRAO GOVINDRAO,59442,Result Declared,S13
Nandurbar,1,ADV GOWAAL KAGADA PADAVI,DR HEENA VIJAYKUMAR GAVIT,159120,Result Declared,S13
Nashik,21,RAJABHAU (PARAG) PRAKASH WAJE,GODSE HEMANT TUKARAM,162001,Result Declared,S13
Osmanabad,40,OMPRAKASH BHUPALSINH ALIAS PAVAN RAJENIMBALKAR,ARCHANA RANAJAGJITSINH PATIL,329846,Result Declared,S13
Palghar,22,DR. HEMANT VISHNU SAVARA,BHARTI BHARAT KAMDI,183306,Result Declared,S13
Parbhani,17,JADHAV SANJAY ( BANDU ) HARIBHAU,JANKAR MAHADEV JAGANNATH,134061,Result Declared,S13
Pune,34,MURLIDHAR MOHOL,DHANGEKAR RAVINDRA HEMRAJ,123038,Result Declared,S13
Raigad,32,TATKARE SUNIL DATTATREY,ANANT GEETE,82784,Result Declared,S13
Ramtek,9,Shyamkumar (Babalu) Daulat Barve,RAJU DEONATH PARVE,76768,Result Declared,S13
Ratnagiri- Sindhudurg,46,NARAYAN TATU RANE,VINAYAK BHAURAO RAUT,47858,Result Declared,S13
Raver,4,KHADSE RAKSHA NIKHIL,SHRIRAM DAYARAM PATIL,272183,Result Declared,S13
Hooghly,28,RACHNA BANERJEE,LOCKET CHATTERJEE,76853,Result Declared,S25
Howrah,25,PRASUN BANERJEE,DR RATHIN CHAKRAVARTY,169442,Result Declared,S25
Jadavpur,22,SAYANI GHOSH,DR. ANIRBAN GANGULY,258201,Result Declared,S25
Jalpaiguri,3,DR JAYANTA KUMAR ROY,NIRMAL CHANDRA ROY,86693,Result Declared,S25
Jangipur,9,KHALILUR RAHAMAN,MURTOJA HOSSAIN BOKUL,116637,Result Declared,S25
Jhargram,33,KALIPADA SAREN (KHERWAL),DR. PRANAT TUDU,174048,Result Declared,S25
Joynagar,19,PRATIMA MONDAL,ASHOK KANDARY,470219,Result Declared,S25
Kanthi,31,ADHIKARI SOUMENDU,UTTAM BARIK SON OF LATE BIRENDRA BARIK,47764,Result Declared,S25
Kolkata Dakshin,23,MALA ROY,DEBASREE CHAUDHURI,187231,Result Declared,S25
Kolkata Uttar,24,BANDYOPADHYAY SUDIP,TAPAS ROY,92560,Result Declared,S25
Krishnanagar,12,MAHUA MOITRA,AMRITA ROY,56705,Result Declared,S25
Maldaha Dakshin,8,ISHA KHAN CHOUDHURY,SREERUPA MITRA CHAUDHURY (NIRBHAYA DIDI),128368,Result Declared,S25
Maldaha Uttar,7,KHAGEN MURMU,PRASUN BANERJEE,77708,Result Declared,S25
Mathurapur,20,BAPI HALDAR,ASHOK PURKAIT,201057,Result Declared,S25
Medinipur,34,JUNE MALIAH,AGNIMITRA PAUL,27191,Result Declared,S25
Murshidabad,11,ABU TAHER KHAN,MD SALIM,164215,Result Declared,S25
Purulia,35,JYOTIRMAY SINGH MAHATO,SHANTIRAM MAHATO,17079,Result Declared,S25
Raiganj,5,KARTICK CHANDRA PAUL,KALYANI KRISHNA,68197,Result Declared,S25
Ranaghat,13,JAGANNATH SARKAR,MUKUT MANI ADHIKARI,186899,Result Declared,S25
Srerampur,27,KALYAN BANERJEE,KABIR SHANKAR BOSE,174830,Result Declared,S25
Sundargarh,2,JUAL ORAM,DILIP KUMAR TIRKEY,138808,Result Declared,S18
Arunachal East,2,TAPIR GAO,BOSIRAM SIRAM,30421,Result Declared,S02
Arunachal West,1,KIREN RIJIJU,NABAM TUKI,100738,Result Declared,S02
Srikakulam,2,KINJARAPU RAMMOHAN NAIDU,TILAK PERADA,327901,Result Declared,S01
Thirupathi(SC),23,GURUMOORTHY MADDILA,VARA PRASAD RAO VELAGAPALLI,14569,Result Declared,S01
Vijayawada,12,KESINENI SIVANATH (CHINNI),KESINENI SRINIVAS  (NANI),282085,Result Declared,S01
Visakhapatnam,4,SRIBHARAT MATHUKUMILI,JHANSI LAKSHMI. BOTCHA.,504247,Result Declared,S01
Vizianagaram,3,APPALANAIDU KALISETTI,BELLANA CHANDRASEKHAR,249351,Result Declared,S01
Ahmednagar,37,NILESH DNYANDEV LANKE,DR. SUJAY RADHAKRISHNA VIKHEPATIL,28929,Result Declared,S13
Akola,6,ANUP SANJAY DHOTRE,ABHAY KASHINATH PATIL,40626,Result Declared,S13
Amravati,7,BALWANT BASWANT WANKHADE,NAVNEET RAVI RANA,19731,Result Declared,S13
Aurangabad,19,BHUMARE SANDIPANRAO ASARAM,IMTIAZ JALEEL SYED,134650,Result Declared,S13
Baramati,35,SUPRIYA SULE,SUNETRA AJITDADA PAWAR,158333,Result Declared,S13
Beed,39,BAJRANG MANOHAR SONWANE,PANKAJA GOPINATHRAO MUNDE,6553,Result Declared,S13
Bhandara Gondiya,11,DR. PRASHANT YADAORAO PADOLE,SUNIL BABURAO MENDHE,37380,Result Declared,S13
Bhiwandi,23,BALYA MAMA - SURESH GOPINATH MHATRE,KAPIL MORESHWAR PATIL,66121,Result Declared,S13
Buldhana,5,JADHAV PRATAPRAO GANPATRAO,NARENDRA DAGDU KHEDEKAR,29479,Result Declared,S13
Chandrapur,13,DHANORKAR PRATIBHA SURESH ALIAS BALUBHAU,MUNGANTIWAR SUDHIR SACCHIDANAND,260406,Result Declared,S13
Dhule,2,BACHHAV SHOBHA DINESH,BHAMRE SUBHASH RAMRAO,3831,Result Declared,S13
Dindori,20,BHASKAR MURLIDHAR BHAGARE,DR. BHARATI PRAVIN PAWAR,113199,Result Declared,S13
Gadchiroli - Chimur,12,DR. KIRSAN NAMDEO,ASHOK  MAHADEORAO NETE,141696,Result Declared,S13
Hatkanangale,48,DHAIRYASHEEL SAMBHAJIRAO MANE,SATYAJEET BABASAHEB PATIL (AABA) SARUDKAR,13426,Result Declared,S13
Hingoli,15,AASHTIKAR PATIL NAGESH BAPURAO,BABURAO KADAM KOHALIKAR,108602,Result Declared,S13
Jalgaon,3,SMITA UDAY WAGH,KARAN BALASAHEB PATIL - PAWAR,251594,Result Declared,S13
Jalna,18,KALYAN VAIJINATHRAO KALE,DANVE RAOSAHEB DADARAO,109958,Result Declared,S13
Kalyan,24,DR SHRIKANT EKNATH SHINDE,VAISHALI DAREKAR - RANE,209144,Result Declared,S13
Kolhapur,47,CHHATRAPATI SHAHU SHAHAJI,SANJAY SADASHIVRAO MANDLIK,154964,Result Declared,S13
Latur,41,DR. KALGE SHIVAJI BANDAPPA,SUDHAKAR TUKARAM SHRANGARE,61881,Result Declared,S13
Bulandshahr,14,DR BHOLA SINGH,SHIVRAM,275134,Result Declared,S24
Chandauli,76,BIRENDRA SINGH,DR. MAHENDRA NATH  PANDEY,21565,Result Declared,S24
Deoria,66,SHASHANK MANI,AKHILESH PRATAP SINGH,34842,Result Declared,S24
Dhaurahra,29,ANAND BHADAURIYA,REKHA VERMA,4449,Result Declared,S24
Domariyaganj,60,JAGDAMBIKA PAL,BHISHMA SHANKAR ALIAS KUSHAL TIWARI,42728,Result Declared,S24
Etah,22,DEVESH SHAKYA,RAJVEER SINGH (RAJU BHAIYA),28052,Result Declared,S24
Etawah,41,JITENDRA KUMAR DOHARE,DR RAM SHANKAR KATHERIA,58419,Result Declared,S24
Faizabad,54,AWADHESH PRASAD,LALLU SINGH,54567,Result Declared,S24
Farrukhabad,40,MUKESH RAJPUT,DR. NAVAL KISHOR SHAKYA,2678,Result Declared,S24
Fatehpur,49,NARESH CHANDRA UTTAM PATEL,NIRANJAN JYOTI,33199,Result Declared,S24
Fatehpur Sikri,19,RAJKUMAR CHAHAR,RAMNATH SINGH SIKARWAR,43405,Result Declared,S24
Firozabad,20,AKSHAYA YADAV,VISHWADEEP SINGH,89312,Result Declared,S24
Gautam Buddha Nagar,13,DR. MAHESH SHARMA,DR. MAHENDRA SINGH NAGAR,559472,Result Declared,S24
Ghaziabad,12,ATUL GARG,DOLLY SHARMA,336965,Result Declared,S24
Ghazipur,75,AFZAL ANSARI,PARS NATH RAI,124861,Result Declared,S24
Ghosi,70,RAJEEV RAI,DR. ARVIND RAJBHAR,162943,Result Declared,S24
Gonda,59,KIRTIVARDHAN SINGH,SHREYA VERMA,46224,Result Declared,S24
Gorakhpur,64,RAVINDRA SHUKLA ALIAS RAVI KISHAN,KAJAL NISHAD,103526,Result Declared,S24
Hamirpur,47,AJENDRA SINGH LODHI,KUNWAR PUSHPENDRA SINGH CHANDEL,2629,Result Declared,S24
Hardoi,31,JAI PRAKASH,USHA VERMA,27856,Result Declared,S24
AMBALA,1,VARUN CHAUDHRY,BANTO KATARIA,49036,Result Declared,S07
BHIWANI-MAHENDRAGARH,8,DHARAMBIR SINGH,RAO DAN SINGH,41510,Result Declared,S07
FARIDABAD,10,KRISHAN PAL,MAHENDER PRATAP SINGH,172914,Result Declared,S07
GURGAON,9,RAO INDERJIT SINGH,RAJ BABBAR,75079,Result Declared,S07
HISAR,4,JAI PARKASH (J P) S/O HARIKESH,RANJIT SINGH,63381,Result Declared,S07
KARNAL,5,MANOHAR LAL,DIVYANSHU BUDHIRAJA,232577,Result Declared,S07
KURUKSHETRA,2,NAVEEN JINDAL,DR SUSHIL GUPTA,29021,Result Declared,S07
ROHTAK,7,DEEPENDER SINGH HOODA,DR. ARVIND KUMAR SHARMA,345298,Result Declared,S07
SIRSA,3,SELJA,ASHOK TANWAR,268497,Result Declared,S07
SONIPAT,6,SATPAL BRAHAMCHARI,MOHAN LAL BADOLI,21816,Result Declared,S07
Aska,19,ANITA SUBHADARSHINI,RANJITA SAHU,99974,Result Declared,S18
Balasore,6,PRATAP CHANDRA SARANGI,LEKHASRI SAMANTSINGHAR,147156,Result Declared,S18
Bargarh,1,PRADEEP PUROHIT,PARINITA MISHRA,251667,Result Declared,S18
Berhampur,20,DR. PRADEEP KUMAR PANIGRAHY,BHRUGU BAXIPATRA,165476,Result Declared,S18
Bhadrak,7,AVIMANYU SETHI,MANJULATA MANDAL,91544,Result Declared,S18
Bhubaneswar,18,APARAJITA SARANGI,MANMATH KUMAR ROUTRAY,35152,Result Declared,S18
Bolangir,10,SANGEETA KUMARI SINGH DEO,SURENDRA SINGH BHOI,132664,Result Declared,S18
Cuttack,14,BHARTRUHARI MAHTAB,SANTRUPT MISRA,57077,Result Declared,S18
Dhenkanal,9,RUDRA NARAYAN PANY,ABINASH SAMAL,76567,Result Declared,S18
Jagatsinghpur,16,BIBHU PRASAD TARAI,DR. RAJASHREE MALLICK,40696,Result Declared,S18
Jajpur,8,RABINDRA NARAYAN BEHERA,SARMISTHA SETHI,1587,Result Declared,S18
Kalahandi,11,MALVIKA DEVI,LAMBODAR NIAL,133813,Result Declared,S18
Kandhamal,13,SUKANTA KUMAR PANIGRAHI,ACHYUTANANDA SAMANTA,21371,Result Declared,S18
Kendrapara,15,BAIJAYANT PANDA,ANSHUMAN MOHANTY,66536,Result Declared,S18
Keonjhar,4,ANANTA NAYAK,DHANURJAYA SIDU,97042,Result Declared,S18
Koraput,21,SAPTAGIRI SANKAR ULAKA,KAUSALYA HIKAKA,147744,Result Declared,S18
Mayurbhanj,5,NABA CHARAN MAJHI,SUDAM MARNDI,219334,Result Declared,S18
Nabarangpur,12,BALABHADRA MAJHI,PRADEEP KUMAR MAJHI,87536,Result Declared,S18
Puri,17,SAMBIT PATRA,ARUP MOHAN PATNAIK,104709,Result Declared,S18
Sambalpur,3,DHARMENDRA PRADHAN,PRANAB PRAKASH DAS,119836,Result Declared,S18
Nagaland,1,S SUPONGMEREN JAMIR,DR CHUMBEN MURRY,50984,Result Declared,S17
Sikkim,1,INDRA HANG SUBBA,BHARAT BASNETT,80830,Result Declared,S21
RATLAM,24,ANITA NAGARSINGH CHOUHAN,KANTILAL BHURIA,207232,Result Declared,S12
REWA,10,JANARDAN MISHRA,NEELAM ABHAY MISHRA,193374,Result Declared,S12
SAGAR,5,DR. LATA WANKHEDE,CHANDRA BHUSAN SINGH BUNDELA 'GUDDU RAJA',471222,Result Declared,S12
SATNA,9,GANESH SINGH,DABBU SIDDHARTH SUKHLAL KUSHWAHA,84949,Result Declared,S12
SHAHDOL,12,SMT. HIMADRI SINGH,PHUNDE LAL SINGH MARKO,397340,Result Declared,S12
SIDHI,11,DR. RAJESH MISHRA,KAMLESHWAR INDRAJIT KUMAR,206416,Result Declared,S12
TIKAMGARH,6,DR. VIRENDRA KUMAR,KHUMAN URF PANKAJ AHIRWAR,403312,Result Declared,S12
UJJAIN,22,ANIL FIROJIYA,MAHESH PARMAR,375860,Result Declared,S12
VIDISHA,18,SHIVRAJ SINGH CHOUHAN,PRATAPBHANU SHARMA,821408,Result Declared,S12
Mohanlalganj,34,R.K. CHAUDHARY,KAUSHAL KISHORE,70292,Result Declared,S24
Moradabad,6,RUCHI VIRA,KUNWAR SARVESH KUMAR,105762,Result Declared,S24
Muzaffarnagar,3,HARENDRA SINGH MALIK,SANJEEV KUMAR BALYAN,24672,Result Declared,S24
Nagina,5,CHANDRASHEKHAR,OM KUMAR,151473,Result Declared,S24
Phulpur,51,PRAVEEN PATEL,AMAR NATH SINGH MAURYA,4332,Result Declared,S24
Pilibhit,26,JITIN PRASADA,BHAGWAT SARAN GANGWAR,164935,Result Declared,S24
Pratapgarh,39,SHIV PAL SINGH PATEL (DR. S P SINGH),SANGAM LAL GUPTA,66206,Result Declared,S24
Rae Bareli,36,RAHUL GANDHI,DINESH PRATAP SINGH,390030,Result Declared,S24
Rampur,7,MOHIBBULLAH,GHANSHYAM SINGH LODHI,87434,Result Declared,S24
Robertsganj,80,CHHOTELAL,RINKI SINGH,129234,Result Declared,S24
Saharanpur,1,IMRAN MASOOD,RAGHAV LAKHANPAL,64542,Result Declared,S24
Salempur,71,RAMASHANKAR RAJBHAR,RAVINDAR KUSHAWAHA,3573,Result Declared,S24
Sambhal,8,ZIA UR REHMAN,PARMESHWAR LAL SAINI,121494,Result Declared,S24
Sant Kabir Nagar,62,LAXMIKANT PAPPU NISHAD,PRAVIN KUMAR NISHAD,92170,Result Declared,S24
Shahjahanpur,27,ARUN KUMAR SAGAR,JYOTSNA GOND,55379,Result Declared,S24
Shrawasti,58,RAM SHIROMANI VERMA,SAKET MISRA,76673,Result Declared,S24
Sitapur,30,RAKESH RATHOR,RAJESH VERMA,89641,Result Declared,S24
Sultanpur,38,RAMBHUAL NISHAD,MANEKA SANJAY GANDHI,43174,Result Declared,S24
Unnao,33,SWAMI SACHCHIDANAND HARI SAKSHI,ANNU TANDON,35818,Result Declared,S24
Varanasi,77,NARENDRA MODI,AJAY RAI,152513,Result Declared,S24
Shillong,1,DR. RICKY ANDREW J. SYNGKON,VINCENT H. PALA,371910,Result Declared,S15
Tura,2,SALENG A SANGMA,AGATHA K SANGMA,155241,Result Declared,S15
NILGIRIS,19,RAJA A,DR MURUGAN L,240585,Result Declared,S22
PERAMBALUR,25,ARUN NEHRU,CHANDRAMOHAN N D,389107,Result Declared,S22
POLLACHI,21,ESWARASAMY K,KARTHIKEYAN A,252042,Result Declared,S22
RAMANATHAPURAM,35,NAVASKANI K,PANNEERSELVAM O S/O OTTAKARATHEVAR,166782,Result Declared,S22
SALEM,15,SELVAGANAPATHI T M,VIGNESH P,70357,Result Declared,S22
SIVAGANGA,31,KARTI P CHIDAMBARAM,XAVIERDASS A,205664,Result Declared,S22
SRIPERUMBUDUR,5,T R BAALU,G PREMKUMAR,487029,Result Declared,S22
TENKASI,37,DR RANI SRI KUMAR,DR K KRISHNASAMY,196199,Result Declared,S22
THANJAVUR,30,MURASOLI S,SIVANESAN P,319583,Result Declared,S22
THENI,33,THANGA TAMILSELVAN,TTV DHINAKARAN,278825,Result Declared,S22
THOOTHUKKUDI,36,KANIMOZHI KARUNANIDHI,SIVASAMY VELUMANI R,392738,Result Declared,S22
TIRUCHIRAPPALLI,24,DURAI VAIKO,KARUPPAIAH. P,313094,Result Declared,S22
TIRUNELVELI,38,ROBERT BRUCE C,NAINAR NAGENTHRAN,165620,Result Declared,S22
TIRUPPUR,18,"SUBBARAYAN, K.","ARUNACHALAM, P.",125928,Result Declared,S22
TIRUVALLUR,1,Sasikanth Senthil,"Balaganapathy, V. Pon",572155,Result Declared,S22
TIRUVANNAMALAI,11,"ANNADURAI, C.N.",KALIYAPERUMAL M,233931,Result Declared,S22
VELLORE,8,DM KATHIR ANAND,AC SHANMUGAM,215702,Result Declared,S22
VILUPPURAM,13,RAVIKUMAR. D,BHAGYARAJ. J,70703,Result Declared,S22
VIRUDHUNAGAR,34,MANICKAM TAGORE B,VIJAYAPRABHAKARAN V,4379,Result Declared,S22
Ladakh,1,MOHMAD HANEEFA,TSERING NAMGYAL,27862,Result Declared,U09
Dadar & Nagar Haveli,2,DELKAR KALABEN MOHANBHAI,AJIT RAMJIBHAI MAHALA,57584,Result Declared,U03
Daman & Diu,1,PATEL UMESHBHAI BABUBHAI,LALUBHAI BABUBHAI PATEL,6225,Result Declared,U03
Araria,9,PRADEEP KUMAR SINGH,SHAHNAWAZ,20094,Result Declared,S04
Arrah,32,SUDAMA PRASAD,R. K. SINGH,59808,Result Declared,S04
Aurangabad,37,ABHAY KUMAR SINHA,SUSHIL KUMAR SINGH,79111,Result Declared,S04
Banka,27,GIRIDHARI YADAV,JAI PRAKASH NARAYAN YADAV,103844,Result Declared,S04
Begusarai,24,GIRIRAJ SINGH,ABDHESH KUMAR ROY,81480,Result Declared,S04
Bhagalpur,26,AJAY KUMAR MANDAL,AJEET SHARMA,104868,Result Declared,S04
Buxar,33,SUDHAKAR SINGH,MITHILESH TIWARI,30091,Result Declared,S04
Darbhanga,14,GOPAL JEE THAKUR,LALIT KUMAR YADAV,178156,Result Declared,S04
Gaya,38,JITAN RAM MANJHI,KUMAR SARVJEET,101812,Result Declared,S04
Gopalganj,17,DR. ALOK KUMAR SUMAN,PREM NATH CHANCHAL ALIAS CHANCHAL PASWAN,127180,Result Declared,S04
Hajipur,21,CHIRAG PASWAN,SHIV CHANDRA RAM,170105,Result Declared,S04
Jahanabad,36,SURENDRA PRASAD YADAV,CHANDESHWAR PRASAD,142591,Result Declared,S04
Jamui,40,ARUN BHARTI,ARCHANA KUMARI,112482,Result Declared,S04
Jhanjharpur,7,RAMPRIT MANDAL,SUMAN KUMAR MAHASETH,184169,Result Declared,S04
Karakat,35,RAJA RAM SINGH,PAWAN SINGH,105858,Result Declared,S04
Katihar,11,TARIQ ANWAR,DULAL CHANDRA GOSWAMI,49863,Result Declared,S04
Khagaria,25,RAJESH VERMA,SANJAY KUMAR,161131,Result Declared,S04
Kishanganj,10,MOHAMMAD JAWED,MUJAHID ALAM,59692,Result Declared,S04
Madhepura,13,DINESH CHANDRA YADAV,DA KUMAR CHANDRADEEP,174534,Result Declared,S04
Madhubani,6,ASHOK KUMAR YADAV,MD ALI ASHRAF FATMI,151945,Result Declared,S04
Almora,3,AJAY TAMTA,PRADEEP TAMTA,234097,Result Declared,S28
Garhwal,2,ANIL BALUNI,GANESH GODIYAL,163503,Result Declared,S28
Haridwar,5,TRIVENDRA SINGH RAWAT,VIRENDRA RAWAT,164056,Result Declared,S28
Nainital-Udhamsingh Nagar,4,AJAY BHATT,PRAKASH JOSHI,334548,Result Declared,S28
Tehri Garhwal,1,MALA RAJYA LAKSHMI SHAH,JOT SINGH GUNSOLA,272493,Result Declared,S28
Barpeta,3,PHANI BHUSAN CHOUDHURY,DEEP BAYAN,222351,Result Declared,S03
Darrang-Udalguri,4,DILIP SAIKIA,MADHAB RAJBANGSHI,329012,Result Declared,S03
Dhubri,2,RAKIBUL HUSSAIN,MOHAMMED BADRUDDIN AJMAL,1012476,Result Declared,S03
Dibrugarh,13,SARBANANDA SONOWAL,LURINJYOTI GOGOI,279321,Result Declared,S03
Diphu,6,AMARSING TISSO,J. I. KATHAR,147603,Result Declared,S03
Guwahati,5,BIJULI KALITA MEDHI,MIRA BORTHAKUR GOSWAMI,251090,Result Declared,S03
Jorhat,14,GAURAV GOGOI,TOPON KUMAR GOGOI,144393,Result Declared,S03
Karimganj,7,KRIPANATH MALLAH,HAFIZ RASHID AHMED CHOUDHURY,18360,Result Declared,S03
Kaziranga,10,KAMAKHYA PRASAD TASA,ROSELINA TIRKEY,248947,Result Declared,S03
Kokrajhar,1,JOYANTA BASUMATARY,KAMPA BORGOYARI,51583,Result Declared,S03
Lakhimpur,12,PRADAN BARUAH,UDAY SHANKAR HAZARIKA,201257,Result Declared,S03
Nagaon,9,PRADYUT BORDOLOI,SURESH BORAH,212231,Result Declared,S03
Silchar,8,PARIMAL SUKLABAIDYA,SURYA KANTA SARKAR,264311,Result Declared,S03
Sonitpur,11,RANJIT DUTTA,PREMLAL GANJU,361408,Result Declared,S03
Amritsar,2,GURJEET SINGH AUJLA,KULDEEP SINGH DHALIWAL,40301,Result Declared,S19
Anandpur Sahib,6,MALVINDER SINGH KANG,VIJAY INDER SINGLA,10846,Result Declared,S19
Bathinda,11,HARSIMRAT KAUR BADAL,GURMEET SINGH KHUDIAN,49656,Result Declared,S19
Faridkot,9,SARABJEET SINGH KHALSA,KARAMJIT SINGH ANMOL,70053,Result Declared,S19
Fatehgarh Sahib,8,AMAR SINGH,GURPREET SINGH GP,34202,Result Declared,S19
Firozpur,10,SHER SINGH GHUBAYA,JAGDEEP SINGH KAKA BRAR,3242,Result Declared,S19
Gurdaspur,1,SUKHJINDER SINGH RANDHAWA,DINESH SINGH BABBU,82861,Result Declared,S19
Hoshiarpur,5,DR. RAJ KUMAR CHABBEWAL,YAMINI GOMAR,44111,Result Declared,S19
Jalandhar,4,CHARANJIT SINGH CHANNI,SUSHIL KUMAR RINKU,175993,Result Declared,S19
Khadoor Sahib,3,AMRITPAL SINGH,KULBIR SINGH ZIRA,197120,Result Declared,S19
Ludhiana,7,AMRINDER SINGH RAJA WARRING,RAVNEET SINGH BITTU,20942,Result Declared,S19
Patiala,13,DR DHARAMVIRA GANDHI,DR BALBIR SINGH,14831,Result Declared,S19
Sangrur,12,GURMEET SINGH MEET HAYER,SUKHPAL SINGH KHAIRA,172560,Result Declared,S19
ANANTNAG-RAJOURI,3,MIAN ALTAF AHMAD,MEHBOOBA MUFTI,281794,Result Declared,U08
BARAMULLA,1,ABDUL RASHID SHEIKH,OMAR ABDULLAH,204142,Result Declared,U08
JAMMU,5,JUGAL KISHORE,RAMAN BHALLA,135498,Result Declared,U08
SRINAGAR,2,AGA SYED RUHULLAH MEHDI,WAHEED UR REHMAN PARA,188416,Result Declared,U08
UDHAMPUR,4,DR JITENDRA SINGH,CH LAL SINGH,124373,Result Declared,U08
North Goa,1,SHRIPAD YESSO NAIK,RAMAKANT KHALAP,116015,Result Declared,S05
South Goa,2,CAPTAIN  VIRIATO FERNANDES,PALLAVI SHRINIVAS DEMPO,13535,Result Declared,S05
Sangli,44,VISHAL (DADA) PRAKASHBAPU PATIL,SANJAY (KAKA) PATIL,100053,Result Declared,S13
Satara,45,SHRIMANT CHH UDAYANRAJE PRATAPSINHAMAHARAJ BHONSLE,SHASHIKANT JAYVANTRAO SHINDE,32771,Result Declared,S13
Shirdi,38,BHAUSAHEB RAJARAM WAKCHAURE,LOKHANDE SADASHIV KISAN,50529,Result Declared,S13
Shirur,36,DR. AMOL RAMSING KOLHE,ADHALRAO SHIVAJI DATTATREY,140951,Result Declared,S13
Solapur,42,PRANITI SUSHILKUMAR SHINDE,RAM VITTHAL SATPUTE,74197,Result Declared,S13
Thane,25,NARESH GANPAT MHASKE,RAJAN BABURAO VICHARE,217011,Result Declared,S13
Wardha,8,AMAR SHARADRAO KALE,RAMDAS CHANDRABHAN TADAS,81648,Result Declared,S13
Yavatmal- Washim,14,SANJAY UTTAMRAO DESHMUKH,RAJSHRITAI HEMANT PATIL (MAHALLE),94473,Result Declared,S13
Chandni Chowk,1,PRAVEEN KHANDELWAL,JAI PRAKASH AGARWAL,89325,Result Declared,U05
East Delhi,3,HARSH MALHOTRA,KULDEEP KUMAR (MONU),93663,Result Declared,U05
New Delhi,4,BANSURI SWARAJ,SOMNATH BHARTI,78370,Result Declared,U05
North-East Delhi,2,MANOJ TIWARI,KANHAIYA KUMAR,138778,Result Declared,U05
North-West Delhi,5,YOGENDER CHANDOLIYA,UDIT RAJ,290849,Result Declared,U05
South Delhi,7,RAMVIR SINGH BIDHURI,SAHI RAM,124333,Result Declared,U05
West Delhi,6,KAMALJEET SEHRAWAT,MAHABAL MISHRA,199013,Result Declared,U05
